step,t,E,Omega,eps_enstrophy,eps_dEdt,step_wall_ms
0,0,0.125,0.375,0.00046874999,,
1,0.024544,0.124988511,0.374989063,0.000468736311,0.000468095619,2063.817
2,0.049087,0.124976993,0.375025094,0.000468781363,0.00046930986,2242.920
3,0.073631,0.124965504,0.375108212,0.000468885264,0.000468095619,2226.642
4,0.098175,0.124953985,0.375238389,0.000469047984,0.00046930986,2181.627
5,0.122718,0.124942474,0.375415742,0.000469269668,0.000469006307,2195.463
6,0.147262,0.12493097,0.375640273,0.000469550345,0.000468702754,2221.624
7,0.171806,0.124919429,0.37591213,0.000469890161,0.000470220577,2246.679
8,0.196350,0.124907881,0.376231372,0.000470289204,0.00047052413,2232.948
9,0.220893,0.124896318,0.376598239,0.000470747793,0.000471131265,2223.129
10,0.245437,0.124884762,0.377012908,0.000471266132,0.000470827683,2190.474
11,0.269981,0.124873161,0.3774755,0.000471844367,0.000472649088,2201.873
12,0.294524,0.124861561,0.377986372,0.000472482963,0.000472649088,2192.675
13,0.319068,0.124849968,0.378545702,0.000473182125,0.000472345506,2265.921
14,0.343612,0.124838315,0.379153788,0.000473942229,0.000474774017,2217.140
15,0.368155,0.124826662,0.379810929,0.000474763656,0.000474774017,2274.078
16,0.392699,0.124814995,0.380517423,0.000475646782,0.000475381152,2229.179
17,0.417243,0.12480329,0.381273538,0.0004765919,0.000476898975,2293.245
18,0.441786,0.12479157,0.38207978,0.000477599708,0.00047750611,2235.223
19,0.466330,0.12477982,0.382936597,0.000478670729,0.000478720351,2316.016
20,0.490874,0.124768034,0.383844137,0.000479805167,0.000480238174,2263.072
21,0.515418,0.124756232,0.384803027,0.000481003779,0.000480845309,2354.533
22,0.539961,0.124744385,0.385813743,0.000482267176,0.000482666685,2309.589
23,0.564505,0.124732539,0.386876702,0.000483595853,0.000482666685,2318.546
24,0.589049,0.124720626,0.387992263,0.000484990305,0.000485398778,2348.699
25,0.613592,0.124708697,0.38916117,0.000486451463,0.000486005883,2341.598
26,0.638136,0.124696732,0.390383899,0.000487979851,0.000487523706,2364.696
27,0.662680,0.124684691,0.391660869,0.000489576079,0.000490559323,2368.351
28,0.687223,0.124672651,0.392992735,0.000491240935,0.000490559323,2389.741
29,0.711767,0.124660537,0.394380093,0.000492975116,0.000493594969,2321.528
30,0.736311,0.124648392,0.395823628,0.000494779495,0.000494809239,2424.626
31,0.760854,0.124636211,0.397323787,0.000496654713,0.000496327062,2407.409
32,0.785398,0.124623977,0.398881465,0.000498601818,0.000498451991,2412.398
33,0.809942,0.124611691,0.400497079,0.000500621332,0.000500576978,2428.823
34,0.834486,0.124599367,0.402171493,0.000502714363,0.000502094801,2431.209
35,0.859029,0.124586999,0.403905272,0.000504881551,0.000503916177,2445.939
36,0.883573,0.124574535,0.405699164,0.000507123943,0.000507862482,2445.382
37,0.908117,0.12456204,0.407554001,0.000509442471,0.000509076752,2397.307
38,0.932660,0.124549493,0.409470439,0.000511838065,0.000511201681,2408.668
39,0.957204,0.124536872,0.411449254,0.000514311541,0.000514237327,2438.792
40,0.981748,0.124524161,0.41349113,0.000516863889,0.000517880078,2460.996
41,1.006291,0.124511428,0.415597081,0.000519496331,0.000518790795,2456.282
42,1.030835,0.124498606,0.417767763,0.000522209681,0.000522433547,2459.043
43,1.055379,0.124485716,0.42000407,0.000525005104,0.00052516564,2477.376
44,1.079922,0.124472782,0.422306776,0.000527883472,0.000526987016,2456.561
45,1.104466,0.124459758,0.424676895,0.000530846126,0.000530629768,2467.181
46,1.129010,0.124446645,0.427115083,0.000533893821,0.000534272578,2467.681
47,1.153554,0.124433473,0.429622412,0.000537028012,0.00053670106,2473.848
48,1.178097,0.124420218,0.432199806,0.000540249748,0.000540040259,2469.059
49,1.202641,0.124406874,0.434847951,0.000543559901,0.000543683069,2475.272
50,1.227185,0.124393463,0.437568069,0.000546960102,0.000546415104,2411.526
51,1.251728,0.124379948,0.440360934,0.000550451165,0.00055066502,2470.336
52,1.276272,0.124366343,0.443227559,0.000554034428,0.000554307771,2474.052
53,1.300816,0.124352634,0.44616884,0.000557711057,0.000558557687,2483.893
54,1.325359,0.124338865,0.449185967,0.000561482448,0.000560986169,2459.471
55,1.349903,0.124324985,0.452279806,0.000565349765,0.000565539638,2414.808
56,1.374447,0.124311015,0.455451429,0.000569314288,0.00056918239,2489.132
57,1.398990,0.124296933,0.458701789,0.000573377241,0.000573735859,2496.697
58,1.423534,0.124282762,0.462032199,0.000577540253,0.000577378669,2502.713
59,1.448078,0.124268472,0.465443373,0.000581804197,0.000582235691,2474.693
60,1.472622,0.124254093,0.468936712,0.000586170878,0.000585878443,2476.484
61,1.497165,0.124239601,0.472513109,0.000590641401,0.000590431911,2460.133
62,1.521709,0.124225006,0.476173699,0.000595217105,0.000594681769,2413.064
63,1.546253,0.124210276,0.479919672,0.000599899562,0.000600145955,2478.046
64,1.570796,0.124195442,0.483752131,0.000604690169,0.000604395813,2484.198
65,1.595340,0.124180466,0.48767215,0.000609590148,0.000610163552,2426.884
66,1.619884,0.124165379,0.49168092,0.000614601129,0.000614717021,2472.271
67,1.644427,0.124150157,0.495779693,0.000619724626,0.000620181148,2446.233
68,1.668971,0.124134824,0.499969602,0.000624961976,0.000624734617,2435.668
69,1.693515,0.124119356,0.504251838,0.000630314811,0.000630198745,2477.925
70,1.718058,0.124103777,0.508627772,0.000635784701,0.000634752214,2481.014
71,1.742602,0.124088004,0.513098419,0.000641372986,0.000642644882,2446.446
72,1.767146,0.124072127,0.517664909,0.00064708112,0.000646894798,2441.868
73,1.791690,0.124056086,0.522328734,0.000652910909,0.000653573195,2427.216
74,1.816233,0.124039933,0.527091146,0.000658863923,0.000658126664,2501.831
75,1.840777,0.124023609,0.531953037,0.000664941268,0.000665108615,2465.798
76,1.865321,0.124007136,0.536916077,0.000671145099,0.000671179907,2443.269
77,1.889864,0.123990506,0.541981459,0.000677476812,0.000677554752,2496.298
78,1.914408,0.123973712,0.547150254,0.000683937804,0.00068423315,2475.513
79,1.938952,0.123956755,0.552424073,0.000690530054,0.000690911547,2469.295
80,1.963495,0.123939663,0.55780381,0.000697254727,0.000696375733,2460.482
81,1.988039,0.123922378,0.563291192,0.000704113976,0.000704268401,2426.822
82,2.012583,0.123904929,0.568887353,0.000711109198,0.000710946799,2482.310
83,2.037126,0.1238873,0.574593544,0.000718241907,0.000718232302,2480.053
84,2.061670,0.123869486,0.580411077,0.000725513848,0.000725821417,2478.144
85,2.086214,0.123851515,0.5863415,0.000732926885,0.000732196262,2461.867
86,2.110758,0.123833343,0.592385769,0.000740482181,0.000740392483,2424.843
87,2.135301,0.123814985,0.598545551,0.000748181948,0.000747981598,2440.345
88,2.159845,0.123796418,0.60482204,0.000756027526,0.000756481371,2481.315
89,2.184389,0.123777658,0.611216724,0.000764020893,0.000764374039,2472.684
90,2.208932,0.123758726,0.617730618,0.000772163272,0.00077135599,2415.392
91,2.233476,0.123739563,0.62436533,0.000780456641,0.000780766481,2495.320
92,2.258020,0.123720199,0.631122351,0.000788902922,0.000788962701,2488.649
93,2.282563,0.123700634,0.638002753,0.000797503395,0.000797158922,2482.821
94,2.307107,0.123680875,0.645008087,0.000806260097,0.00080505159,2494.548
95,2.331651,0.123660833,0.652139544,0.000815174426,0.000816587009,2445.613
96,2.356194,0.123640589,0.659398556,0.000824248185,0.000824783288,2449.795
97,2.380738,0.123620138,0.666786551,0.00083348318,0.000833283062,2480.298
98,2.405282,0.123599455,0.674305201,0.000842881505,0.000842693553,2488.195
99,2.429826,0.123578519,0.681955338,0.000852444151,0.000853014702,2498.253
100,2.454369,0.123557359,0.68973887,0.000862173561,0.00086212164,2514.979
101,2.478913,0.123535961,0.697656989,0.000872071192,0.000871835684,2438.780
102,2.503457,0.12351431,0.705711365,0.000882139197,0.000882156834,2508.785
103,2.528000,0.12349239,0.713903189,0.000892378972,0.000893085147,2477.220
104,2.552544,0.123470232,0.722234249,0.000902792788,0.000902799191,2501.646
105,2.577088,0.123447828,0.730705976,0.00091338245,0.000912816788,2506.458
106,2.601631,0.123425111,0.739319921,0.000924149877,0.000925566477,2514.418
107,2.626175,0.123402156,0.748077929,0.0009350974,0.000935280521,2465.926
108,2.650719,0.12337891,0.756981611,0.000946226995,0.000947119552,2472.993
109,2.675262,0.123355411,0.766032457,0.000957540527,0.000957440701,2520.297
110,2.699806,0.123331606,0.775232732,0.000969040906,0.000969886838,2500.696
111,2.724350,0.123307548,0.784584165,0.000980730169,0.000980208046,2509.568
112,2.748894,0.123283163,0.794088542,0.000992610701,0.000993564841,2450.437
113,2.773437,0.123258471,0.803748488,0.00100468553,0.00100601092,2538.269
114,2.797981,0.123233505,0.81356585,0.00101695734,0.00101724279,2588.560
115,2.822525,0.123208255,0.823543012,0.00102942879,0.00102877826,2542.488
116,2.847068,0.123182669,0.833682775,0.00104210339,0.00104243867,2551.754
117,2.871612,0.123156786,0.843987644,0.00105498452,0.00105458114,2508.495
118,2.896156,0.123130567,0.854460597,0.00106807577,0.00106824154,2469.448
119,2.920699,0.123104006,0.865104675,0.00108138088,0.00108220545,2487.924
120,2.945243,0.123077132,0.875923276,0.00109490403,0.00109495514,2508.108
121,2.969787,0.123049915,0.886919916,0.00110864989,0.00110891915,2521.583
122,2.994330,0.123022348,0.898098588,0.00112262322,0.00112318667,2462.891
123,3.018874,0.122994445,0.909463644,0.00113682949,0.00113684696,2490.124
124,3.043418,0.12296617,0.921019435,0.00115127431,0.00115202519,2508.573
125,3.067962,0.122937545,0.932770967,0.00116596371,0.0011662927,2447.772
126,3.092505,0.122908562,0.944723606,0.00118090445,0.00118086382,2563.545
127,3.117049,0.122879177,0.956883192,0.00119610399,0.00119725626,2525.734
128,3.141593,0.122849405,0.969256163,0.00121157023,0.0012130416,2527.477
129,3.166136,0.12281929,0.981849194,0.00122731144,0.0012270055,2533.970
130,3.190680,0.122788742,0.994670153,0.00124333764,0.00124461227,2453.306
131,3.215224,0.122757822,1.00772679,0.00125965849,0.00125979038,2517.776
132,3.239767,0.122726485,1.02102828,0.00127628527,0.00127679005,2622.768
133,3.264311,0.122694731,1.03458405,0.00129322999,0.0012937896,2563.341
134,3.288855,0.122662529,1.04840457,0.00131050567,0.00131200335,2565.108
135,3.313399,0.122629918,1.06250131,0.00132812664,0.00132869941,2564.703
136,3.337942,0.12259683,1.0768863,0.00134610781,0.00134812749,2543.136
137,3.362486,0.12256331,1.091573,0.00136446627,0.00136573426,2563.392
138,3.387030,0.122529365,1.10657585,0.00138321973,0.00138303742,2614.017
139,3.411573,0.122494891,1.12191021,0.00140238774,0.00140459044,2508.194
140,3.436117,0.122459978,1.13759267,0.0014219908,0.0014225007,2541.374
141,3.460661,0.122424558,1.15364099,0.00144205114,0.001443143,2534.337
142,3.485204,0.122388646,1.17007422,0.00146259274,0.00146317831,2574.843
143,3.509748,0.122352183,1.1869123,0.00148364028,0.00148564205,2609.043
144,3.534292,0.122315228,1.20417655,0.00150522066,0.00150567724,2611.007
145,3.558835,0.12227767,1.22188926,0.00152736157,0.0015302659,2614.168
146,3.583379,0.122239605,1.24007368,0.00155009201,0.0015509082,2602.286
147,3.607923,0.122200951,1.25875366,0.00157344202,0.00157488976,2555.866
148,3.632467,0.122161694,1.27795398,0.00159744243,0.00159947842,2543.790
149,3.657010,0.122121841,1.29769981,0.00162212469,0.00162376359,2600.627
150,3.681554,0.122081354,1.31801677,0.00164752093,0.00164956658,2573.046
151,3.706098,0.122040212,1.33892989,0.00167366234,0.00167628017,2545.276
152,3.730641,0.121998429,1.36046481,0.00170058093,0.00170238665,2470.592
153,3.755185,0.121955946,1.38264668,0.00172830827,0.00173092168,2545.918
154,3.779729,0.121912763,1.40549946,0.00175687426,0.0017594567,2536.806
155,3.804272,0.121868849,1.42904711,0.00178630883,0.00178920594,2476.309
156,3.828816,0.12182419,1.45331144,0.00181663921,0.0018195624,2544.458
157,3.853360,0.121778741,1.47831428,0.00184789277,0.00185174018,2528.137
158,3.877903,0.121732533,1.50407505,0.00188009383,0.00188270363,2474.006
159,3.902447,0.121685497,1.53061235,0.00191326544,0.00191639923,2507.933
160,3.926991,0.121637605,1.55794263,0.00194742822,0.00195130915,2495.807
161,3.951535,0.121588826,1.58608079,0.00198260089,0.00198743329,2518.280
162,3.976078,0.121539183,1.61503994,0.00201879977,0.0020226466,2519.157
163,4.000622,0.121488601,1.64483094,0.00205603871,0.00206089579,2516.423
164,4.025166,0.121437073,1.67546225,0.0020943277,0.00209944835,2569.955
165,4.049709,0.121384561,1.70694017,0.00213367515,0.00213951874,2550.623
166,4.074253,0.121331058,1.73926735,0.00217408407,0.00217989273,2548.856
167,4.098797,0.12127652,1.77244306,0.00221555377,0.00222208817,2570.574
168,4.123340,0.121220954,1.80646455,0.00225808076,0.00226397999,2556.760
169,4.147884,0.121164262,1.84132421,0.00230165524,0.00230981805,2594.518
170,4.172428,0.121106476,1.87701142,0.0023462642,0.00235444214,2558.419
171,4.196971,0.121047586,1.91351295,0.00239189109,0.00239936961,2570.045
172,4.221515,0.120987549,1.95081258,0.00243851566,0.00244611828,2549.289
173,4.246059,0.120926306,1.98888981,0.00248611229,0.0024952956,2584.092
174,4.270603,0.120863855,2.02771997,0.0025346498,0.00254447316,2564.122
175,4.295146,0.12080019,2.06727099,0.00258408859,0.00259395409,2563.312
176,4.319690,0.12073528,2.10750389,0.00263437978,0.00264464924,2504.749
177,4.344234,0.120669089,2.14837265,0.00268546585,0.00269686221,2552.515
178,4.368777,0.120601639,2.18982601,0.00273728254,0.00274816458,2541.206
179,4.393321,0.12053287,2.231812,0.0027897649,0.00280189537,2567.437
180,4.417865,0.120462805,2.27427912,0.00284284889,0.00285471533,2553.864
181,4.442408,0.120391399,2.31718111,0.0028964763,0.00290935696,2562.761
182,4.466952,0.120318629,2.36047268,0.0029505908,0.00296490919,2565.179
183,4.491496,0.120244518,2.40411043,0.0030051379,0.00301955058,2565.871
184,4.516039,0.120169058,2.44804811,0.00306006009,0.00307449582,2564.507
185,4.540583,0.120092243,2.49223757,0.00311529683,0.00312974444,2578.779
186,4.565127,0.120014027,2.53662705,0.00317078363,0.00318681449,2570.671
187,4.589671,0.119934455,2.58116341,0.00322645414,0.0032420631,2520.252
188,4.614214,0.119853467,2.62579298,0.00328224106,0.00329974014,2598.092
189,4.638758,0.119771123,2.6704607,0.00333807571,0.00335498876,2593.995
190,4.663302,0.119687364,2.71511436,0.0033938929,0.00341266603,2575.863
191,4.687845,0.119602263,2.75970125,0.0034496265,0.00346730743,2529.713
192,4.712389,0.119515762,2.80416942,0.00350521179,0.00352437748,2545.394
193,4.736933,0.119427882,2.84846878,0.0035605859,0.00358053693,2573.352
194,4.761476,0.119338661,2.89254999,0.00361568737,0.00363517832,2569.675
195,4.786020,0.119248055,2.9363668,0.00367045845,0.00369164115,2583.627
196,4.810564,0.119156107,2.97987318,0.0037248414,0.00374628277,2529.466
197,4.835107,0.119062833,3.02302217,0.00377877755,0.00380031718,2537.796
198,4.859651,0.118968233,3.06575966,0.00383219938,0.00385435158,2570.244
199,4.884195,0.11887233,3.1080265,0.00388503307,0.00390747515,2588.229
200,4.908739,0.118775114,3.1497612,0.00393720157,0.00396090234,2581.559
201,4.933282,0.118676633,3.19089818,0.00398862269,0.00401250832,2593.931
202,4.957826,0.118576907,3.23137712,0.00403922144,0.00406320347,2600.513
203,4.982370,0.118475929,3.27114677,0.00408893358,0.00411420222,2594.347
204,5.006913,0.118373722,3.31016827,0.0041377102,0.00416429015,2543.859
205,5.031457,0.118270352,3.34841967,0.0041855243,0.0042116465,2639.307
206,5.056001,0.118165821,3.38589382,0.00423236704,0.00425900239,2612.623
207,5.080544,0.118060142,3.42259336,0.00427824166,0.00430575106,2553.484
208,5.105088,0.117953315,3.45852804,0.00432315981,0.0043525002,2567.679
209,5.129632,0.117845461,3.49371266,0.00436714059,0.00439439202,2615.838
210,5.154175,0.117736503,3.52816963,0.00441021193,0.00443931948,2599.679
211,5.178719,0.117626488,3.56192875,0.00445241062,0.00448242528,2605.724
212,5.203263,0.117515445,3.59502697,0.00449378369,0.0045243171,2602.515
213,5.227807,0.11740341,3.62750578,0.00453438191,0.00456469133,2620.478
214,5.252350,0.117290363,3.65940547,0.00457425695,0.00460597593,2609.080
215,5.276894,0.117176369,3.6907649,0.00461345585,0.0046445285,2624.524
216,5.301438,0.117061391,3.72161818,0.00465202238,0.00468459912,2563.475
217,5.325981,0.116945483,3.7519958,0.00468999473,0.00472254446,2634.845
218,5.350525,0.116828613,3.78192687,0.00472740829,0.00476170424,2631.252
219,5.375069,0.116710857,3.81144261,0.0047643031,0.00479782838,2624.761
220,5.399612,0.116592184,3.84058094,0.00480072619,0.0048351665,2573.492
221,5.424156,0.116472617,3.86938953,0.00483673671,0.00487159425,2629.432
222,5.448700,0.116352148,3.89792824,0.00487241009,0.00490832562,2630.480
223,5.473243,0.116230816,3.92627144,0.004907839,0.00494353892,2628.711
224,5.497787,0.116108611,3.95451188,0.00494313985,0.00497905584,2631.696
225,5.522331,0.115985513,3.98276711,0.00497845886,0.00501548359,2603.460
226,5.546875,0.115861557,4.01117802,0.00501397252,0.00505039329,2654.690
227,5.571418,0.115736686,4.03990746,0.00504988432,0.00508773187,2651.865
228,5.595962,0.115610912,4.06913614,0.0050864201,0.00512446323,2640.197
229,5.620506,0.115484215,4.09904385,0.00512380479,0.00516210496,2651.491
230,5.645049,0.115356535,4.12980366,0.00516225444,0.00520217558,2598.419
231,5.669593,0.115227915,4.16156673,0.00520195812,0.00524042454,2666.219
232,5.694137,0.115098245,4.19445276,0.00524306577,0.00528322719,2679.491
233,5.718680,0.114967518,4.2285428,0.00528567843,0.00532633299,2659.391
234,5.743224,0.114835694,4.2638855,0.00532985665,0.00537095685,2642.399
235,5.767768,0.114702709,4.30049896,0.0053756237,0.0054183132,2655.081
236,5.792311,0.114568561,4.33838272,0.0054229782,0.00546566909,2661.407
237,5.816855,0.114433184,4.37752104,0.00547190104,0.00551575702,2660.529
238,5.841399,0.114296556,4.41787863,0.00552234799,0.00556675578,2644.455
239,5.865943,0.114158601,4.45938683,0.00557423336,0.00562079018,2663.256
240,5.890486,0.114019319,4.50193691,0.0056274212,0.00567482458,2664.263
241,5.915030,0.113878697,4.54538393,0.00568172988,0.00572946621,2663.166
242,5.939574,0.113736682,4.58956146,0.00573695172,0.00578623265,2662.880
243,5.964117,0.113593251,4.6343112,0.00579288881,0.00584390992,2668.532
244,5.988661,0.113448426,4.67950726,0.00584938377,0.00590067636,2608.382
245,6.013205,0.113302156,4.72507,0.00590633741,0.00595956761,2697.205
246,6.037748,0.113154456,4.77096748,0.00596370921,0.00601785164,2674.074
247,6.062292,0.11300531,4.81722021,0.00602152525,0.00607674336,2612.472
248,6.086836,0.112854704,4.86389828,0.0060798726,0.00613624183,2694.116
249,6.111379,0.112702623,4.91111469,0.00613889331,0.00619634753,2668.815
250,6.135923,0.112549022,4.95900249,0.00619875314,0.00625827443,2620.014
251,6.160467,0.112393916,5.00767517,0.00625959365,0.00631959457,2676.003
252,6.185011,0.112237215,5.05718803,0.00632148469,0.00638455711,2648.992
253,6.209554,0.112078965,5.10752392,0.00638440484,0.00644769846,2693.172
254,6.234098,0.111919105,5.1586051,0.00644825632,0.00651326822,2695.809
255,6.258642,0.111757621,5.21030903,0.00651288591,0.00657944521,2690.375
256,6.283185,0.111594483,5.26249409,0.00657811761,0.00664683618,2686.816
257,6.307729,0.111429706,5.31502438,0.00664378051,0.00671362039,2693.650
258,6.332273,0.11126326,5.36778545,0.00670973165,0.00678161858,2687.159
259,6.356816,0.111095145,5.42069054,0.006775863,0.00684961723,2668.289
260,6.381360,0.110925376,5.47364998,0.00684206234,0.0069170082,2617.765
261,6.405904,0.110753946,5.52653694,0.00690817088,0.00698470324,2667.024
262,6.430447,0.110580847,5.57915783,0.00697394693,0.00705270143,2670.024
263,6.454991,0.110406101,5.6312418,0.00703905197,0.00711978879,2663.415
264,6.479535,0.11022976,5.68245935,0.00710307388,0.0071847518,2652.634
265,6.504079,0.110051841,5.73244858,0.0071655605,0.00724910712,2626.438
266,6.528622,0.109872401,5.7808404,0.00722605037,0.00731103448,2681.214
267,6.553166,0.109691486,5.82728767,0.00728410948,0.00737114018,2641.331
268,6.577710,0.109509178,5.87149715,0.00733937137,0.00742790662,2695.832
269,6.602253,0.109325573,5.91327906,0.00739159854,0.00748072658,2631.161
270,6.626797,0.109140694,5.9525857,0.00744073186,0.00753263617,2718.075
271,6.651341,0.108954683,5.98952389,0.00748690451,0.00757877761,2697.985
272,6.675884,0.108767569,6.02431679,0.00753039587,0.00762370508,2637.130
273,6.700428,0.108579397,6.05723095,0.00757153844,0.00766681135,2667.674
274,6.724972,0.108390257,6.0885067,0.00761063304,0.00770627474,2698.850
275,6.749515,0.108200178,6.11831999,0.00764789991,0.0077445237,2691.504
276,6.774059,0.108009189,6.14679384,0.00768349227,0.0077815582,2724.587
277,6.798603,0.107817322,6.17401695,0.00771752093,0.0078173792,2695.817
278,6.823147,0.10762465,6.20005417,0.00775006739,0.00785016362,2753.535
279,6.847690,0.107431173,6.22494602,0.00778118242,0.00788294896,2761.605
280,6.872234,0.107236922,6.24871111,0.00781088881,0.00791451987,2756.629
281,6.896778,0.10704197,6.27138996,0.00783923734,0.00794305466,2763.632
282,6.921321,0.106846325,6.29312515,0.00786640588,0.00797128584,2759.934
283,6.945865,0.106649995,6.31422377,0.00789277907,0.00799921341,2755.163
284,6.970409,0.106453001,6.33516216,0.00791895296,0.00802623108,2759.222
285,6.994952,0.106255345,6.35651493,0.00794564374,0.00805324782,2746.138
286,7.019496,0.106056973,6.37885666,0.00797357038,0.00808238983,2707.031
287,7.044040,0.105857864,6.40270138,0.00800337642,0.00811244268,2773.620
288,7.068583,0.10565795,6.42846584,0.00803558249,0.00814522803,2766.335
289,7.093127,0.105457149,6.45645046,0.00807056297,0.00818135217,2725.634
290,7.117671,0.10525541,6.48683834,0.00810854789,0.00821960159,2791.877
291,7.142215,0.105052635,6.51974821,0.00814968534,0.00826179702,2803.710
292,7.166758,0.104848728,6.55531311,0.00819414109,0.00830793846,2772.252
293,7.191302,0.104643643,6.59368515,0.00824210607,0.00835590158,2718.615
294,7.215846,0.104437262,6.63493443,0.00829366781,0.00840872154,2785.335
295,7.240389,0.104229495,6.67894745,0.00834868383,0.00846518483,2768.175
296,7.264933,0.104020275,6.72542334,0.0084067788,0.00852437969,2788.844
297,7.289477,0.103809536,6.77393818,0.0084674228,0.00858630612,2721.903
298,7.314020,0.103597209,6.82401085,0.00853001326,0.00865096599,2776.210
299,7.338564,0.103383295,6.875144,0.00859392993,0.00871562492,2806.752
300,7.363108,0.103167757,6.9268856,0.00865860656,0.00878180191,2782.583
301,7.387651,0.102950603,6.97893763,0.00872367155,0.00884767529,2791.949
302,7.412195,0.102731802,7.03124332,0.00878905412,0.00891476311,2801.706
303,7.436739,0.102511376,7.08394957,0.00885493681,0.00898093916,2754.609
304,7.461283,0.102289289,7.13724804,0.0089215599,0.00904863421,2702.899
305,7.485826,0.102065504,7.19125366,0.00898906682,0.00911784731,2758.145
306,7.510370,0.101840027,7.24601841,0.00905752275,0.00918675587,2777.854
307,7.534914,0.101612836,7.30161572,0.0091270199,0.00925657526,2769.614
308,7.559457,0.101383895,7.35816622,0.00919770729,0.00932791363,2750.715
309,7.584001,0.10115312,7.41580105,0.00926975068,0.00940258987,2720.685
310,7.608545,0.100920558,7.4746542,0.00934331771,0.00947544537,2772.283
311,7.633088,0.100686133,7.5349021,0.00941862725,0.00955133606,2773.877
312,7.657632,0.100449763,7.59681034,0.0094960127,0.00963056646,2766.648
313,7.682176,0.100211427,7.66070175,0.00957587734,0.0097107077,2762.700
314,7.706719,0.0999710262,7.72689915,0.00965862349,0.00979479495,2780.943
315,7.731263,0.09972848,7.79568291,0.00974460319,0.009882221,2780.736
316,7.755807,0.0994836912,7.86728096,0.00983410142,0.00997359399,2770.573
317,7.780351,0.0992365777,7.94181776,0.00992727187,0.0100683058,2771.853
318,7.804894,0.0989870131,8.01922607,0.0100240326,0.010168178,2835.081
319,7.829438,0.0987349376,8.09918785,0.0101239849,0.0102704791,2830.578
320,7.853982,0.0984802917,8.18117142,0.0102264639,0.0103752092,2824.871
321,7.878525,0.0982229933,8.2644949,0.0103306184,0.010483278,2779.543
322,7.903069,0.0979630649,8.34844017,0.0104355495,0.0105904359,2832.217
323,7.927613,0.0977004766,8.43237877,0.0105404733,0.0106988084,2845.098
324,7.952156,0.0974352509,8.51590347,0.0106448792,0.0108062699,2823.446
325,7.976700,0.0971674025,8.59885216,0.0107485652,0.0109131243,2823.652
326,8.001244,0.0968969464,8.68125153,0.0108515639,0.0110193714,2815.986
327,8.025787,0.0966238827,8.76320553,0.0109540066,0.0111256186,2774.946
328,8.050331,0.096348241,8.84477997,0.0110559743,0.0112306522,2828.837
329,8.074875,0.0960700214,8.92589951,0.0111573739,0.0113356849,2810.187
330,8.099419,0.0957892463,9.00625229,0.0112578152,0.0114398077,2798.637
331,8.123962,0.0955059454,9.08531857,0.0113566481,0.0115427161,2798.100
332,8.148506,0.0952201784,9.16252518,0.0114531564,0.0116431955,2751.638
333,8.173050,0.0949320123,9.23744488,0.0115468055,0.0117409434,2774.316
334,8.197593,0.094641529,9.30996704,0.0116374586,0.0118353516,2774.827
335,8.222137,0.0943487883,9.38032436,0.0117254052,0.0119273318,2854.067
336,8.246681,0.0940538496,9.44898129,0.0118112266,0.0120168831,2856.276
337,8.271224,0.0937567502,9.51646328,0.0118955793,0.0121049164,2852.402
338,8.295768,0.0934575349,9.58331203,0.0119791394,0.012191128,2801.024
339,8.320312,0.0931561589,9.65017605,0.01206272,0.0122791622,2873.800
340,8.344855,0.0928526372,9.71786308,0.0121473288,0.0123665882,2819.799
341,8.369399,0.0925468951,9.78717041,0.0122339623,0.0124570504,2815.951
342,8.393943,0.0922388509,9.85854149,0.0123231765,0.0125508513,2807.451
343,8.418487,0.0919284374,9.93185616,0.0124148196,0.0126473848,2860.747
344,8.443030,0.0916155949,10.0065613,0.0125082014,0.0127463471,2788.784
345,8.467574,0.0913003087,10.081934,0.0126024168,0.0128459157,2805.016
346,8.492118,0.0909825563,10.1570883,0.0126963602,0.0129463952,2801.359
347,8.516661,0.0906624049,10.2308216,0.0127885267,0.0130441431,2810.570
348,8.541205,0.090339914,10.3016529,0.0128770657,0.0131394621,2859.309
349,8.565749,0.0900152326,10.3682156,0.0129602691,0.0132287098,2796.663
350,8.590292,0.0896885246,10.4296875,0.0130371088,0.013311279,2796.314
351,8.614836,0.089359954,10.4859486,0.0131074358,0.0133871706,2890.304
352,8.639380,0.0890296847,10.5373621,0.0131717026,0.0134563828,2884.721
353,8.663923,0.0886978433,10.5843592,0.0132304486,0.0135204354,2834.450
354,8.688467,0.0883645713,10.6270657,0.013283832,0.0135787195,2902.243
355,8.713011,0.0880300105,10.665123,0.013331403,0.0136312358,2837.094
356,8.737555,0.0876943544,10.6977491,0.0133721866,0.0136758601,2860.875
357,8.762098,0.0873577669,10.7239838,0.0134049794,0.013713805,2881.220
358,8.786642,0.0870205313,10.743145,0.0134289311,0.0137402155,2835.074
359,8.811186,0.0866828412,10.7553835,0.013444229,0.0137587329,2910.830
360,8.835729,0.0863448828,10.7618504,0.0134523129,0.0137696611,2893.366
361,8.860273,0.0860068053,10.7642555,0.0134553192,0.0137745179,2895.492
362,8.884817,0.0856686831,10.7640743,0.0134550929,0.0137763396,2845.688
363,8.909360,0.0853305906,10.7620697,0.0134525867,0.0137751251,2850.378
364,8.933904,0.0849925727,10.7583008,0.0134478761,0.013772089,2906.266
365,8.958448,0.0846547186,10.7523317,0.0134404143,0.0137654115,2897.650
366,8.982991,0.0843171328,10.7432957,0.0134291193,0.0137544824,2846.913
367,9.007535,0.0839799345,10.7300968,0.0134126209,0.0137386974,2865.030
368,9.032079,0.0836433098,10.7118769,0.0133898454,0.0137153231,2853.966
369,9.056623,0.0833074078,10.688447,0.0133605581,0.0136858774,2924.516
370,9.081166,0.0829723924,10.6603832,0.0133254789,0.0136497533,2918.706
371,9.105710,0.0826383755,10.6289139,0.0132861417,0.0136090759,2914.865
372,9.130254,0.0823054165,10.5955696,0.0132444613,0.0135659697,2915.707
373,9.154797,0.081973508,10.5616264,0.013202033,0.013523167,2914.874
374,9.179341,0.0816426873,10.5276718,0.0131595898,0.0134788463,2855.077
375,9.203885,0.0813129395,10.4937172,0.0131171457,0.0134351337,2923.885
376,9.228428,0.080984287,10.4596252,0.0130745312,0.0133905094,2910.952
377,9.252972,0.0806567296,10.4253387,0.0130316727,0.013345886,2919.985
378,9.277516,0.0803302824,10.3907967,0.0129884956,0.0133006545,2929.117
379,9.302059,0.0800049752,10.3558683,0.0129448352,0.0132542094,2912.691
380,9.326603,0.0796808153,10.3204994,0.0129006244,0.0132074608,2907.263
381,9.351147,0.0793578252,10.2848949,0.0128561184,0.0131598013,2925.418
382,9.375691,0.0790359825,10.2495012,0.0128118759,0.0131130526,2920.556
383,9.400234,0.0787152797,10.2147694,0.0127684614,0.0130666066,2923.918
384,9.424778,0.0783956796,10.1808243,0.0127260303,0.0130216796,2891.152
385,9.449322,0.0780771747,10.1472626,0.012684078,0.0129770553,2901.019
386,9.473865,0.07775978,10.1132374,0.0126415463,0.0129318247,2926.815
387,9.498409,0.0774435401,10.0777664,0.0125972079,0.0128847724,2920.422
388,9.522953,0.0771285221,10.0400391,0.0125500485,0.0128349876,2879.620
389,9.547496,0.0768147931,9.99964905,0.0124995606,0.0127824713,2890.609
390,9.572040,0.0765024573,9.95675468,0.0124459434,0.0127257043,2936.008
391,9.596584,0.0761915743,9.91212654,0.0123901581,0.0126665095,2874.456
392,9.621128,0.0758821443,9.86694241,0.0123336781,0.0126073146,2938.391
393,9.645671,0.0755741447,9.82240295,0.0122780036,0.0125490306,2929.568
394,9.670215,0.0752675384,9.7793541,0.0122241927,0.0124922637,2943.233
395,9.694759,0.0749622583,9.73810387,0.0121726291,0.0124382293,2951.472
396,9.719302,0.0746582821,9.69842148,0.0121230269,0.0123851057,2950.570
397,9.743846,0.0743555427,9.65971184,0.0120746391,0.0123347137,2938.413
398,9.768390,0.0740540475,9.62127304,0.0120265912,0.012284019,2955.315
399,9.792933,0.073753804,9.58254242,0.0119781774,0.0122330198,2950.612
400,9.817477,0.0734548196,9.54319763,0.011928997,0.0121817179,2953.014
401,9.842021,0.0731571317,9.50313663,0.0118789207,0.0121288979,2951.440
402,9.866564,0.0728607625,9.4623642,0.011827955,0.0120751671,2921.355
403,9.891108,0.0725657195,9.42089081,0.011776113,0.0120211327,2924.684
404,9.915652,0.0722720399,9.37871075,0.011723388,0.0119655803,2912.856
405,9.940196,0.0719797388,9.33581161,0.0116697643,0.0119094215,2977.377
406,9.964739,0.0716888458,9.29222584,0.0116152819,0.0118520474,2926.752
407,9.989283,0.0713993609,9.24804306,0.0115600536,0.0117946742,2974.648
408,10.013827,0.0711113065,9.20339203,0.0115042394,0.0117363892,2973.981
